"COUNTRY","Country","SERIES","Series","TIME","Time","Unit Code","Unit","PowerCode Code","PowerCode","Reference Period Code","Reference Period","Value","Flag Codes","Flags"
"AUS","Australia","USDEX","In 2015 constant prices at 2015 USD exchange rates","2000","2000","USD","US Dollar","0","Units","2015","2015",51693,,
"AUS","Australia","USDEX","In 2015 constant prices at 2015 USD exchange rates","2001","2001","USD","US Dollar","0","Units","2015","2015",51178,,
"AUS","Australia","USDEX","In 2015 constant prices at 2015 USD exchange rates","2002","2002","USD","US Dollar","0","Units","2015","2015",51579,,
"AUS","Australia","USDEX","In 2015 constant prices at 2015 USD exchange rates","2003","2003","USD","US Dollar","0","Units","2015","2015",52135,,
"AUS","Australia","USDEX","In 2015 constant prices at 2015 USD exchange rates","2004","2004","USD","US Dollar","0","Units","2015","2015",53746,,
"AUS","Australia","USDEX","In 2015 constant prices at 2015 USD exchange rates","2005","2005","USD","US Dollar","0","Units","2015","2015",54446,,
"AUS","Australia","USDEX","In 2015 constant prices at 2015 USD exchange rates","2006","2006","USD","US Dollar","0","Units","2015","2015",54778,,
"AUS","Australia","USDEX","In 2015 constant prices at 2015 USD exchange rates","2007","2007","USD","US Dollar","0","Units","2015","2015",56333,,
"AUS","Australia","USDEX","In 2015 constant prices at 2015 USD exchange rates","2008","2008","USD","US Dollar","0","Units","2015","2015",56765,,
"AUS","Australia","USDEX","In 2015 constant prices at 2015 USD exchange rates","2009","2009","USD","US Dollar","0","Units","2015","2015",56257,,
"AUS","Australia","USDEX","In 2015 constant prices at 2015 USD exchange rates","2010","2010","USD","US Dollar","0","Units","2015","2015",58028,,
"AUS","Australia","USDEX","In 2015 constant prices at 2015 USD exchange rates","2011","2011","USD","US Dollar","0","Units","2015","2015",59768,,
"AUS","Australia","USDEX","In 2015 constant prices at 2015 USD exchange rates","2012","2012","USD","US Dollar","0","Units","2015","2015",60286,,
"AUS","Australia","USDEX","In 2015 constant prices at 2015 USD exchange rates","2013","2013","USD","US Dollar","0","Units","2015","2015",59866,,
"AUS","Australia","USDEX","In 2015 constant prices at 2015 USD exchange rates","2014","2014","USD","US Dollar","0","Units","2015","2015",60047,,
"AUT","Austria","USDEX","In 2015 constant prices at 2015 USD exchange rates","2000","2000","USD","US Dollar","0","Units","2015","2015",41198,,
"AUT","Austria","USDEX","In 2015 constant prices at 2015 USD exchange rates","2001","2001","USD","US Dollar","0","Units","2015","2015",41078,,
"AUT","Austria","USDEX","In 2015 constant prices at 2015 USD exchange rates","2002","2002","USD","US Dollar","0","Units","2015","2015",41712,,
"AUT","Austria","USDEX","In 2015 constant prices at 2015 USD exchange rates","2003","2003","USD","US Dollar","0","Units","2015","2015",41829,,
"AUT","Austria","USDEX","In 2015 constant prices at 2015 USD exchange rates","2004","2004","USD","US Dollar","0","Units","2015","2015",42595,,
"AUT","Austria","USDEX","In 2015 constant prices at 2015 USD exchange rates","2005","2005","USD","US Dollar","0","Units","2015","2015",42791,,
"AUT","Austria","USDEX","In 2015 constant prices at 2015 USD exchange rates","2006","2006","USD","US Dollar","0","Units","2015","2015",43411,,
"AUT","Austria","USDEX","In 2015 constant prices at 2015 USD exchange rates","2007","2007","USD","US Dollar","0","Units","2015","2015",43630,,
"AUT","Austria","USDEX","In 2015 constant prices at 2015 USD exchange rates","2008","2008","USD","US Dollar","0","Units","2015","2015",44387,,
"AUT","Austria","USDEX","In 2015 constant prices at 2015 USD exchange rates","2009","2009","USD","US Dollar","0","Units","2015","2015",45069,,
"AUT","Austria","USDEX","In 2015 constant prices at 2015 USD exchange rates","2010","2010","USD","US Dollar","0","Units","2015","2015",44883,,
"AUT","Austria","USDEX","In 2015 constant prices at 2015 USD exchange rates","2011","2011","USD","US Dollar","0","Units","2015","2015",44391,,
"AUT","Austria","USDEX","In 2015 constant prices at 2015 USD exchange rates","2012","2012","USD","US Dollar","0","Units","2015","2015",44643,,
"AUT","Austria","USDEX","In 2015 constant prices at 2015 USD exchange rates","2013","2013","USD","US Dollar","0","Units","2015","2015",44689,,
"AUT","Austria","USDEX","In 2015 constant prices at 2015 USD exchange rates","2014","2014","USD","US Dollar","0","Units","2015","2015",44794,,
"BEL","Belgium","USDEX","In 2015 constant prices at 2015 USD exchange rates","2000","2000","USD","US Dollar","0","Units","2015","2015",45362,,
"BEL","Belgium","USDEX","In 2015 constant prices at 2015 USD exchange rates","2001","2001","USD","US Dollar","0","Units","2015","2015",45610,,
"BEL","Belgium","USDEX","In 2015 constant prices at 2015 USD exchange rates","2002","2002","USD","US Dollar","0","Units","2015","2015",46378,,
"BEL","Belgium","USDEX","In 2015 constant prices at 2015 USD exchange rates","2003","2003","USD","US Dollar","0","Units","2015","2015",46565,,
"BEL","Belgium","USDEX","In 2015 constant prices at 2015 USD exchange rates","2004","2004","USD","US Dollar","0","Units","2015","2015",46336,,
"BEL","Belgium","USDEX","In 2015 constant prices at 2015 USD exchange rates","2005","2005","USD","US Dollar","0","Units","2015","2015",46048,,
"BEL","Belgium","USDEX","In 2015 constant prices at 2015 USD exchange rates","2006","2006","USD","US Dollar","0","Units","2015","2015",46237,,
"BEL","Belgium","USDEX","In 2015 constant prices at 2015 USD exchange rates","2007","2007","USD","US Dollar","0","Units","2015","2015",46025,,
"BEL","Belgium","USDEX","In 2015 constant prices at 2015 USD exchange rates","2008","2008","USD","US Dollar","0","Units","2015","2015",46169,,
"BEL","Belgium","USDEX","In 2015 constant prices at 2015 USD exchange rates","2009","2009","USD","US Dollar","0","Units","2015","2015",46563,,
"BEL","Belgium","USDEX","In 2015 constant prices at 2015 USD exchange rates","2010","2010","USD","US Dollar","0","Units","2015","2015",46293,,
"BEL","Belgium","USDEX","In 2015 constant prices at 2015 USD exchange rates","2011","2011","USD","US Dollar","0","Units","2015","2015",46705,,
"BEL","Belgium","USDEX","In 2015 constant prices at 2015 USD exchange rates","2012","2012","USD","US Dollar","0","Units","2015","2015",47068,,
"BEL","Belgium","USDEX","In 2015 constant prices at 2015 USD exchange rates","2013","2013","USD","US Dollar","0","Units","2015","2015",47414,,
"BEL","Belgium","USDEX","In 2015 constant prices at 2015 USD exchange rates","2014","2014","USD","US Dollar","0","Units","2015","2015",47580,,
"CAN","Canada","USDEX","In 2015 constant prices at 2015 USD exchange rates","2000","2000","USD","US Dollar","0","Units","2015","2015",40165,,
"CAN","Canada","USDEX","In 2015 constant prices at 2015 USD exchange rates","2001","2001","USD","US Dollar","0","Units","2015","2015",40000,,
"CAN","Canada","USDEX","In 2015 constant prices at 2015 USD exchange rates","2002","2002","USD","US Dollar","0","Units","2015","2015",39570,,
"CAN","Canada","USDEX","In 2015 constant prices at 2015 USD exchange rates","2003","2003","USD","US Dollar","0","Units","2015","2015",39574,,
"CAN","Canada","USDEX","In 2015 constant prices at 2015 USD exchange rates","2004","2004","USD","US Dollar","0","Units","2015","2015",40636,,
"CAN","Canada","USDEX","In 2015 constant prices at 2015 USD exchange rates","2005","2005","USD","US Dollar","0","Units","2015","2015",42376,,
"CAN","Canada","USDEX","In 2015 constant prices at 2015 USD exchange rates","2006","2006","USD","US Dollar","0","Units","2015","2015",43718,,
"CAN","Canada","USDEX","In 2015 constant prices at 2015 USD exchange rates","2007","2007","USD","US Dollar","0","Units","2015","2015",44772,,
"CAN","Canada","USDEX","In 2015 constant prices at 2015 USD exchange rates","2008","2008","USD","US Dollar","0","Units","2015","2015",45619,,
"CAN","Canada","USDEX","In 2015 constant prices at 2015 USD exchange rates","2009","2009","USD","US Dollar","0","Units","2015","2015",46109,,
"CAN","Canada","USDEX","In 2015 constant prices at 2015 USD exchange rates","2010","2010","USD","US Dollar","0","Units","2015","2015",46291,,
"CAN","Canada","USDEX","In 2015 constant prices at 2015 USD exchange rates","2011","2011","USD","US Dollar","0","Units","2015","2015",47001,,
"CAN","Canada","USDEX","In 2015 constant prices at 2015 USD exchange rates","2012","2012","USD","US Dollar","0","Units","2015","2015",48091,,
"CAN","Canada","USDEX","In 2015 constant prices at 2015 USD exchange rates","2013","2013","USD","US Dollar","0","Units","2015","2015",49003,,
"CAN","Canada","USDEX","In 2015 constant prices at 2015 USD exchange rates","2014","2014","USD","US Dollar","0","Units","2015","2015",49465,,
"CZE","Czech Republic","USDEX","In 2015 constant prices at 2015 USD exchange rates","2000","2000","USD","US Dollar","0","Units","2015","2015",8846,,
"CZE","Czech Republic","USDEX","In 2015 constant prices at 2015 USD exchange rates","2001","2001","USD","US Dollar","0","Units","2015","2015",9130,,
"CZE","Czech Republic","USDEX","In 2015 constant prices at 2015 USD exchange rates","2002","2002","USD","US Dollar","0","Units","2015","2015",9827,,
"CZE","Czech Republic","USDEX","In 2015 constant prices at 2015 USD exchange rates","2003","2003","USD","US Dollar","0","Units","2015","2015",10568,,
"CZE","Czech Republic","USDEX","In 2015 constant prices at 2015 USD exchange rates","2004","2004","USD","US Dollar","0","Units","2015","2015",11089,,
"CZE","Czech Republic","USDEX","In 2015 constant prices at 2015 USD exchange rates","2005","2005","USD","US Dollar","0","Units","2015","2015",11415,,
"CZE","Czech Republic","USDEX","In 2015 constant prices at 2015 USD exchange rates","2006","2006","USD","US Dollar","0","Units","2015","2015",11866,,
"CZE","Czech Republic","USDEX","In 2015 constant prices at 2015 USD exchange rates","2007","2007","USD","US Dollar","0","Units","2015","2015",12216,,
"CZE","Czech Republic","USDEX","In 2015 constant prices at 2015 USD exchange rates","2008","2008","USD","US Dollar","0","Units","2015","2015",12221,,
"CZE","Czech Republic","USDEX","In 2015 constant prices at 2015 USD exchange rates","2009","2009","USD","US Dollar","0","Units","2015","2015",12190,,
"CZE","Czech Republic","USDEX","In 2015 constant prices at 2015 USD exchange rates","2010","2010","USD","US Dollar","0","Units","2015","2015",12473,,
"CZE","Czech Republic","USDEX","In 2015 constant prices at 2015 USD exchange rates","2011","2011","USD","US Dollar","0","Units","2015","2015",12586,,
"CZE","Czech Republic","USDEX","In 2015 constant prices at 2015 USD exchange rates","2012","2012","USD","US Dollar","0","Units","2015","2015",12577,,
"CZE","Czech Republic","USDEX","In 2015 constant prices at 2015 USD exchange rates","2013","2013","USD","US Dollar","0","Units","2015","2015",12439,,
"CZE","Czech Republic","USDEX","In 2015 constant prices at 2015 USD exchange rates","2014","2014","USD","US Dollar","0","Units","2015","2015",12520,,
"DNK","Denmark","USDEX","In 2015 constant prices at 2015 USD exchange rates","2000","2000","USD","US Dollar","0","Units","2015","2015",51986,,
"DNK","Denmark","USDEX","In 2015 constant prices at 2015 USD exchange rates","2001","2001","USD","US Dollar","0","Units","2015","2015",52377,,
"DNK","Denmark","USDEX","In 2015 constant prices at 2015 USD exchange rates","2002","2002","USD","US Dollar","0","Units","2015","2015",53580,,
"DNK","Denmark","USDEX","In 2015 constant prices at 2015 USD exchange rates","2003","2003","USD","US Dollar","0","Units","2015","2015",54916,,
"DNK","Denmark","USDEX","In 2015 constant prices at 2015 USD exchange rates","2004","2004","USD","US Dollar","0","Units","2015","2015",56177,,
"DNK","Denmark","USDEX","In 2015 constant prices at 2015 USD exchange rates","2005","2005","USD","US Dollar","0","Units","2015","2015",57155,,
"DNK","Denmark","USDEX","In 2015 constant prices at 2015 USD exchange rates","2006","2006","USD","US Dollar","0","Units","2015","2015",58163,,
"DNK","Denmark","USDEX","In 2015 constant prices at 2015 USD exchange rates","2007","2007","USD","US Dollar","0","Units","2015","2015",58851,,
"DNK","Denmark","USDEX","In 2015 constant prices at 2015 USD exchange rates","2008","2008","USD","US Dollar","0","Units","2015","2015",59660,,
"DNK","Denmark","USDEX","In 2015 constant prices at 2015 USD exchange rates","2009","2009","USD","US Dollar","0","Units","2015","2015",61102,,
"DNK","Denmark","USDEX","In 2015 constant prices at 2015 USD exchange rates","2010","2010","USD","US Dollar","0","Units","2015","2015",61752,,
"DNK","Denmark","USDEX","In 2015 constant prices at 2015 USD exchange rates","2011","2011","USD","US Dollar","0","Units","2015","2015",61446,,
"DNK","Denmark","USDEX","In 2015 constant prices at 2015 USD exchange rates","2012","2012","USD","US Dollar","0","Units","2015","2015",61303,,
"DNK","Denmark","USDEX","In 2015 constant prices at 2015 USD exchange rates","2013","2013","USD","US Dollar","0","Units","2015","2015",61413,,
"DNK","Denmark","USDEX","In 2015 constant prices at 2015 USD exchange rates","2014","2014","USD","US Dollar","0","Units","2015","2015",62441,,
"FIN","Finland","USDEX","In 2015 constant prices at 2015 USD exchange rates","2000","2000","USD","US Dollar","0","Units","2015","2015",38288,,
"FIN","Finland","USDEX","In 2015 constant prices at 2015 USD exchange rates","2001","2001","USD","US Dollar","0","Units","2015","2015",38710,,
"FIN","Finland","USDEX","In 2015 constant prices at 2015 USD exchange rates","2002","2002","USD","US Dollar","0","Units","2015","2015",38930,,
"FIN","Finland","USDEX","In 2015 constant prices at 2015 USD exchange rates","2003","2003","USD","US Dollar","0","Units","2015","2015",39679,,
"FIN","Finland","USDEX","In 2015 constant prices at 2015 USD exchange rates","2004","2004","USD","US Dollar","0","Units","2015","2015",41006,,
"FIN","Finland","USDEX","In 2015 constant prices at 2015 USD exchange rates","2005","2005","USD","US Dollar","0","Units","2015","2015",41951,,
"FIN","Finland","USDEX","In 2015 constant prices at 2015 USD exchange rates","2006","2006","USD","US Dollar","0","Units","2015","2015",42927,,
"FIN","Finland","USDEX","In 2015 constant prices at 2015 USD exchange rates","2007","2007","USD","US Dollar","0","Units","2015","2015",43581,,
"FIN","Finland","USDEX","In 2015 constant prices at 2015 USD exchange rates","2008","2008","USD","US Dollar","0","Units","2015","2015",44003,,
"FIN","Finland","USDEX","In 2015 constant prices at 2015 USD exchange rates","2009","2009","USD","US Dollar","0","Units","2015","2015",44358,,
"FIN","Finland","USDEX","In 2015 constant prices at 2015 USD exchange rates","2010","2010","USD","US Dollar","0","Units","2015","2015",45055,,
"FIN","Finland","USDEX","In 2015 constant prices at 2015 USD exchange rates","2011","2011","USD","US Dollar","0","Units","2015","2015",45210,,
"FIN","Finland","USDEX","In 2015 constant prices at 2015 USD exchange rates","2012","2012","USD","US Dollar","0","Units","2015","2015",45241,,
"FIN","Finland","USDEX","In 2015 constant prices at 2015 USD exchange rates","2013","2013","USD","US Dollar","0","Units","2015","2015",44755,,
"FIN","Finland","USDEX","In 2015 constant prices at 2015 USD exchange rates","2014","2014","USD","US Dollar","0","Units","2015","2015",44823,,
"FRA","France","USDEX","In 2015 constant prices at 2015 USD exchange rates","2000","2000","USD","US Dollar","0","Units","2015","2015",34261,,
"FRA","France","USDEX","In 2015 constant prices at 2015 USD exchange rates","2001","2001","USD","US Dollar","0","Units","2015","2015",34487,,
"FRA","France","USDEX","In 2015 constant prices at 2015 USD exchange rates","2002","2002","USD","US Dollar","0","Units","2015","2015",35416,,
"FRA","France","USDEX","In 2015 constant prices at 2015 USD exchange rates","2003","2003","USD","US Dollar","0","Units","2015","2015",35710,,
"FRA","France","USDEX","In 2015 constant prices at 2015 USD exchange rates","2004","2004","USD","US Dollar","0","Units","2015","2015",36294,,
"FRA","France","USDEX","In 2015 constant prices at 2015 USD exchange rates","2005","2005","USD","US Dollar","0","Units","2015","2015",36730,,
"FRA","France","USDEX","In 2015 constant prices at 2015 USD exchange rates","2006","2006","USD","US Dollar","0","Units","2015","2015",37136,,
"FRA","France","USDEX","In 2015 constant prices at 2015 USD exchange rates","2007","2007","USD","US Dollar","0","Units","2015","2015",37290,,
"FRA","France","USDEX","In 2015 constant prices at 2015 USD exchange rates","2008","2008","USD","US Dollar","0","Units","2015","2015",37219,,
"FRA","France","USDEX","In 2015 constant prices at 2015 USD exchange rates","2009","2009","USD","US Dollar","0","Units","2015","2015",38357,,
"FRA","France","USDEX","In 2015 constant prices at 2015 USD exchange rates","2010","2010","USD","US Dollar","0","Units","2015","2015",39121,,
"FRA","France","USDEX","In 2015 constant prices at 2015 USD exchange rates","2011","2011","USD","US Dollar","0","Units","2015","2015",39051,,
"FRA","France","USDEX","In 2015 constant prices at 2015 USD exchange rates","2012","2012","USD","US Dollar","0","Units","2015","2015",39308,,
"FRA","France","USDEX","In 2015 constant prices at 2015 USD exchange rates","2013","2013","USD","US Dollar","0","Units","2015","2015",39490,,
"FRA","France","USDEX","In 2015 constant prices at 2015 USD exchange rates","2014","2014","USD","US Dollar","0","Units","2015","2015",39917,,
"DEU","Germany","USDEX","In 2015 constant prices at 2015 USD exchange rates","2000","2000","USD","US Dollar","0","Units","2015","2015",37746,,
"DEU","Germany","USDEX","In 2015 constant prices at 2015 USD exchange rates","2001","2001","USD","US Dollar","0","Units","2015","2015",38123,,
"DEU","Germany","USDEX","In 2015 constant prices at 2015 USD exchange rates","2002","2002","USD","US Dollar","0","Units","2015","2015",38323,,
"DEU","Germany","USDEX","In 2015 constant prices at 2015 USD exchange rates","2003","2003","USD","US Dollar","0","Units","2015","2015",38273,,
"DEU","Germany","USDEX","In 2015 constant prices at 2015 USD exchange rates","2004","2004","USD","US Dollar","0","Units","2015","2015",38271,,
"DEU","Germany","USDEX","In 2015 constant prices at 2015 USD exchange rates","2005","2005","USD","US Dollar","0","Units","2015","2015",38204,,
"DEU","Germany","USDEX","In 2015 constant prices at 2015 USD exchange rates","2006","2006","USD","US Dollar","0","Units","2015","2015",38235,,
"DEU","Germany","USDEX","In 2015 constant prices at 2015 USD exchange rates","2007","2007","USD","US Dollar","0","Units","2015","2015",38169,,
"DEU","Germany","USDEX","In 2015 constant prices at 2015 USD exchange rates","2008","2008","USD","US Dollar","0","Units","2015","2015",38411,,
"DEU","Germany","USDEX","In 2015 constant prices at 2015 USD exchange rates","2009","2009","USD","US Dollar","0","Units","2015","2015",38563,,
"DEU","Germany","USDEX","In 2015 constant prices at 2015 USD exchange rates","2010","2010","USD","US Dollar","0","Units","2015","2015",38719,,
"DEU","Germany","USDEX","In 2015 constant prices at 2015 USD exchange rates","2011","2011","USD","US Dollar","0","Units","2015","2015",39397,,
"DEU","Germany","USDEX","In 2015 constant prices at 2015 USD exchange rates","2012","2012","USD","US Dollar","0","Units","2015","2015",39821,,
"DEU","Germany","USDEX","In 2015 constant prices at 2015 USD exchange rates","2013","2013","USD","US Dollar","0","Units","2015","2015",40224,,
"DEU","Germany","USDEX","In 2015 constant prices at 2015 USD exchange rates","2014","2014","USD","US Dollar","0","Units","2015","2015",40802,,
"GRC","Greece","USDEX","In 2015 constant prices at 2015 USD exchange rates","2000","2000","USD","US Dollar","0","Units","2015","2015",19934,,
"GRC","Greece","USDEX","In 2015 constant prices at 2015 USD exchange rates","2001","2001","USD","US Dollar","0","Units","2015","2015",20334,,
"GRC","Greece","USDEX","In 2015 constant prices at 2015 USD exchange rates","2002","2002","USD","US Dollar","0","Units","2015","2015",22223,,
"GRC","Greece","USDEX","In 2015 constant prices at 2015 USD exchange rates","2003","2003","USD","US Dollar","0","Units","2015","2015",23188,,
"GRC","Greece","USDEX","In 2015 constant prices at 2015 USD exchange rates","2004","2004","USD","US Dollar","0","Units","2015","2015",23604,,
"GRC","Greece","USDEX","In 2015 constant prices at 2015 USD exchange rates","2005","2005","USD","US Dollar","0","Units","2015","2015",23533,,
"GRC","Greece","USDEX","In 2015 constant prices at 2015 USD exchange rates","2006","2006","USD","US Dollar","0","Units","2015","2015",23815,,
"GRC","Greece","USDEX","In 2015 constant prices at 2015 USD exchange rates","2007","2007","USD","US Dollar","0","Units","2015","2015",23809,,
"GRC","Greece","USDEX","In 2015 constant prices at 2015 USD exchange rates","2008","2008","USD","US Dollar","0","Units","2015","2015",23451,,
"GRC","Greece","USDEX","In 2015 constant prices at 2015 USD exchange rates","2009","2009","USD","US Dollar","0","Units","2015","2015",24552,,
"GRC","Greece","USDEX","In 2015 constant prices at 2015 USD exchange rates","2010","2010","USD","US Dollar","0","Units","2015","2015",22917,,
"GRC","Greece","USDEX","In 2015 constant prices at 2015 USD exchange rates","2011","2011","USD","US Dollar","0","Units","2015","2015",21413,,
"GRC","Greece","USDEX","In 2015 constant prices at 2015 USD exchange rates","2012","2012","USD","US Dollar","0","Units","2015","2015",20443,,
"GRC","Greece","USDEX","In 2015 constant prices at 2015 USD exchange rates","2013","2013","USD","US Dollar","0","Units","2015","2015",19257,,
"GRC","Greece","USDEX","In 2015 constant prices at 2015 USD exchange rates","2014","2014","USD","US Dollar","0","Units","2015","2015",19397,,
"HUN","Hungary","USDEX","In 2015 constant prices at 2015 USD exchange rates","2000","2000","USD","US Dollar","0","Units","2015","2015",8310,,
"HUN","Hungary","USDEX","In 2015 constant prices at 2015 USD exchange rates","2001","2001","USD","US Dollar","0","Units","2015","2015",8902,,
"HUN","Hungary","USDEX","In 2015 constant prices at 2015 USD exchange rates","2002","2002","USD","US Dollar","0","Units","2015","2015",9364,,
"HUN","Hungary","USDEX","In 2015 constant prices at 2015 USD exchange rates","2003","2003","USD","US Dollar","0","Units","2015","2015",10218,,
"HUN","Hungary","USDEX","In 2015 constant prices at 2015 USD exchange rates","2004","2004","USD","US Dollar","0","Units","2015","2015",10701,,
"HUN","Hungary","USDEX","In 2015 constant prices at 2015 USD exchange rates","2005","2005","USD","US Dollar","0","Units","2015","2015",11098,,
"HUN","Hungary","USDEX","In 2015 constant prices at 2015 USD exchange rates","2006","2006","USD","US Dollar","0","Units","2015","2015",11311,,
"HUN","Hungary","USDEX","In 2015 constant prices at 2015 USD exchange rates","2007","2007","USD","US Dollar","0","Units","2015","2015",11168,,
"HUN","Hungary","USDEX","In 2015 constant prices at 2015 USD exchange rates","2008","2008","USD","US Dollar","0","Units","2015","2015",11308,,
"HUN","Hungary","USDEX","In 2015 constant prices at 2015 USD exchange rates","2009","2009","USD","US Dollar","0","Units","2015","2015",10906,,
"HUN","Hungary","USDEX","In 2015 constant prices at 2015 USD exchange rates","2010","2010","USD","US Dollar","0","Units","2015","2015",10839,,
"HUN","Hungary","USDEX","In 2015 constant prices at 2015 USD exchange rates","2011","2011","USD","US Dollar","0","Units","2015","2015",10809,,
"HUN","Hungary","USDEX","In 2015 constant prices at 2015 USD exchange rates","2012","2012","USD","US Dollar","0","Units","2015","2015",10467,,
"HUN","Hungary","USDEX","In 2015 constant prices at 2015 USD exchange rates","2013","2013","USD","US Dollar","0","Units","2015","2015",10456,,
"HUN","Hungary","USDEX","In 2015 constant prices at 2015 USD exchange rates","2014","2014","USD","US Dollar","0","Units","2015","2015",10351,,
"IRL","Ireland","USDEX","In 2015 constant prices at 2015 USD exchange rates","2000","2000","USD","US Dollar","0","Units","2015","2015",42670,,
"IRL","Ireland","USDEX","In 2015 constant prices at 2015 USD exchange rates","2001","2001","USD","US Dollar","0","Units","2015","2015",43933,,
"IRL","Ireland","USDEX","In 2015 constant prices at 2015 USD exchange rates","2002","2002","USD","US Dollar","0","Units","2015","2015",43946,,
"IRL","Ireland","USDEX","In 2015 constant prices at 2015 USD exchange rates","2003","2003","USD","US Dollar","0","Units","2015","2015",45256,,
"IRL","Ireland","USDEX","In 2015 constant prices at 2015 USD exchange rates","2004","2004","USD","US Dollar","0","Units","2015","2015",46758,,
"IRL","Ireland","USDEX","In 2015 constant prices at 2015 USD exchange rates","2005","2005","USD","US Dollar","0","Units","2015","2015",48695,,
"IRL","Ireland","USDEX","In 2015 constant prices at 2015 USD exchange rates","2006","2006","USD","US Dollar","0","Units","2015","2015",49400,,
"IRL","Ireland","USDEX","In 2015 constant prices at 2015 USD exchange rates","2007","2007","USD","US Dollar","0","Units","2015","2015",50748,,
"IRL","Ireland","USDEX","In 2015 constant prices at 2015 USD exchange rates","2008","2008","USD","US Dollar","0","Units","2015","2015",52189,,
"IRL","Ireland","USDEX","In 2015 constant prices at 2015 USD exchange rates","2009","2009","USD","US Dollar","0","Units","2015","2015",56183,,
"IRL","Ireland","USDEX","In 2015 constant prices at 2015 USD exchange rates","2010","2010","USD","US Dollar","0","Units","2015","2015",55219,,
"IRL","Ireland","USDEX","In 2015 constant prices at 2015 USD exchange rates","2011","2011","USD","US Dollar","0","Units","2015","2015",54864,,
"IRL","Ireland","USDEX","In 2015 constant prices at 2015 USD exchange rates","2012","2012","USD","US Dollar","0","Units","2015","2015",54530,,
"IRL","Ireland","USDEX","In 2015 constant prices at 2015 USD exchange rates","2013","2013","USD","US Dollar","0","Units","2015","2015",52810,,
"IRL","Ireland","USDEX","In 2015 constant prices at 2015 USD exchange rates","2014","2014","USD","US Dollar","0","Units","2015","2015",52333,,
"ITA","Italy","USDEX","In 2015 constant prices at 2015 USD exchange rates","2000","2000","USD","US Dollar","0","Units","2015","2015",31493,,
"ITA","Italy","USDEX","In 2015 constant prices at 2015 USD exchange rates","2001","2001","USD","US Dollar","0","Units","2015","2015",31648,,
"ITA","Italy","USDEX","In 2015 constant prices at 2015 USD exchange rates","2002","2002","USD","US Dollar","0","Units","2015","2015",31433,,
"ITA","Italy","USDEX","In 2015 constant prices at 2015 USD exchange rates","2003","2003","USD","US Dollar","0","Units","2015","2015",31401,,
"ITA","Italy","USDEX","In 2015 constant prices at 2015 USD exchange rates","2004","2004","USD","US Dollar","0","Units","2015","2015",32040,,
"ITA","Italy","USDEX","In 2015 constant prices at 2015 USD exchange rates","2005","2005","USD","US Dollar","0","Units","2015","2015",32406,,
"ITA","Italy","USDEX","In 2015 constant prices at 2015 USD exchange rates","2006","2006","USD","US Dollar","0","Units","2015","2015",32631,,
"ITA","Italy","USDEX","In 2015 constant prices at 2015 USD exchange rates","2007","2007","USD","US Dollar","0","Units","2015","2015",32597,,
"ITA","Italy","USDEX","In 2015 constant prices at 2015 USD exchange rates","2008","2008","USD","US Dollar","0","Units","2015","2015",32633,,
"ITA","Italy","USDEX","In 2015 constant prices at 2015 USD exchange rates","2009","2009","USD","US Dollar","0","Units","2015","2015",32794,,
"ITA","Italy","USDEX","In 2015 constant prices at 2015 USD exchange rates","2010","2010","USD","US Dollar","0","Units","2015","2015",33107,,
"ITA","Italy","USDEX","In 2015 constant prices at 2015 USD exchange rates","2011","2011","USD","US Dollar","0","Units","2015","2015",32593,,
"ITA","Italy","USDEX","In 2015 constant prices at 2015 USD exchange rates","2012","2012","USD","US Dollar","0","Units","2015","2015",31611,,
"ITA","Italy","USDEX","In 2015 constant prices at 2015 USD exchange rates","2013","2013","USD","US Dollar","0","Units","2015","2015",31656,,
"ITA","Italy","USDEX","In 2015 constant prices at 2015 USD exchange rates","2014","2014","USD","US Dollar","0","Units","2015","2015",31807,,
"JPN","Japan","USDEX","In 2015 constant prices at 2015 USD exchange rates","2000","2000","USD","US Dollar","0","Units","2015","2015",33789,,
"JPN","Japan","USDEX","In 2015 constant prices at 2015 USD exchange rates","2001","2001","USD","US Dollar","0","Units","2015","2015",33643,,
"JPN","Japan","USDEX","In 2015 constant prices at 2015 USD exchange rates","2002","2002","USD","US Dollar","0","Units","2015","2015",33070,,
"JPN","Japan","USDEX","In 2015 constant prices at 2015 USD exchange rates","2003","2003","USD","US Dollar","0","Units","2015","2015",33066,,
"JPN","Japan","USDEX","In 2015 constant prices at 2015 USD exchange rates","2004","2004","USD","US Dollar","0","Units","2015","2015",33148,,
"JPN","Japan","USDEX","In 2015 constant prices at 2015 USD exchange rates","2005","2005","USD","US Dollar","0","Units","2015","2015",33719,,
"JPN","Japan","USDEX","In 2015 constant prices at 2015 USD exchange rates","2006","2006","USD","US Dollar","0","Units","2015","2015",33347,,
"JPN","Japan","USDEX","In 2015 constant prices at 2015 USD exchange rates","2007","2007","USD","US Dollar","0","Units","2015","2015",33040,,
"JPN","Japan","USDEX","In 2015 constant prices at 2015 USD exchange rates","2008","2008","USD","US Dollar","0","Units","2015","2015",33140,,
"JPN","Japan","USDEX","In 2015 constant prices at 2015 USD exchange rates","2009","2009","USD","US Dollar","0","Units","2015","2015",32667,,
"JPN","Japan","USDEX","In 2015 constant prices at 2015 USD exchange rates","2010","2010","USD","US Dollar","0","Units","2015","2015",33281,,
"JPN","Japan","USDEX","In 2015 constant prices at 2015 USD exchange rates","2011","2011","USD","US Dollar","0","Units","2015","2015",34109,,
"JPN","Japan","USDEX","In 2015 constant prices at 2015 USD exchange rates","2012","2012","USD","US Dollar","0","Units","2015","2015",33717,,
"JPN","Japan","USDEX","In 2015 constant prices at 2015 USD exchange rates","2013","2013","USD","US Dollar","0","Units","2015","2015",33869,,
"JPN","Japan","USDEX","In 2015 constant prices at 2015 USD exchange rates","2014","2014","USD","US Dollar","0","Units","2015","2015",33392,,
"KOR","Korea","USDEX","In 2015 constant prices at 2015 USD exchange rates","2000","2000","USD","US Dollar","0","Units","2015","2015",24105,,
"KOR","Korea","USDEX","In 2015 constant prices at 2015 USD exchange rates","2001","2001","USD","US Dollar","0","Units","2015","2015",24666,,
"KOR","Korea","USDEX","In 2015 constant prices at 2015 USD exchange rates","2002","2002","USD","US Dollar","0","Units","2015","2015",25462,,
"KOR","Korea","USDEX","In 2015 constant prices at 2015 USD exchange rates","2003","2003","USD","US Dollar","0","Units","2015","2015",26371,,
"KOR","Korea","USDEX","In 2015 constant prices at 2015 USD exchange rates","2004","2004","USD","US Dollar","0","Units","2015","2015",27008,,
"KOR","Korea","USDEX","In 2015 constant prices at 2015 USD exchange rates","2005","2005","USD","US Dollar","0","Units","2015","2015",27905,,
"KOR","Korea","USDEX","In 2015 constant prices at 2015 USD exchange rates","2006","2006","USD","US Dollar","0","Units","2015","2015",28359,,
"KOR","Korea","USDEX","In 2015 constant prices at 2015 USD exchange rates","2007","2007","USD","US Dollar","0","Units","2015","2015",29037,,
"KOR","Korea","USDEX","In 2015 constant prices at 2015 USD exchange rates","2008","2008","USD","US Dollar","0","Units","2015","2015",28827,,
"KOR","Korea","USDEX","In 2015 constant prices at 2015 USD exchange rates","2009","2009","USD","US Dollar","0","Units","2015","2015",28780,,
"KOR","Korea","USDEX","In 2015 constant prices at 2015 USD exchange rates","2010","2010","USD","US Dollar","0","Units","2015","2015",29240,,
"KOR","Korea","USDEX","In 2015 constant prices at 2015 USD exchange rates","2011","2011","USD","US Dollar","0","Units","2015","2015",29598,,
"KOR","Korea","USDEX","In 2015 constant prices at 2015 USD exchange rates","2012","2012","USD","US Dollar","0","Units","2015","2015",29188,,
"KOR","Korea","USDEX","In 2015 constant prices at 2015 USD exchange rates","2013","2013","USD","US Dollar","0","Units","2015","2015",29615,,
"KOR","Korea","USDEX","In 2015 constant prices at 2015 USD exchange rates","2014","2014","USD","US Dollar","0","Units","2015","2015",29637,,
"LUX","Luxembourg","USDEX","In 2015 constant prices at 2015 USD exchange rates","2000","2000","USD","US Dollar","0","Units","2015","2015",57764,,
"LUX","Luxembourg","USDEX","In 2015 constant prices at 2015 USD exchange rates","2001","2001","USD","US Dollar","0","Units","2015","2015",58422,,
"LUX","Luxembourg","USDEX","In 2015 constant prices at 2015 USD exchange rates","2002","2002","USD","US Dollar","0","Units","2015","2015",59599,,
"LUX","Luxembourg","USDEX","In 2015 constant prices at 2015 USD exchange rates","2003","2003","USD","US Dollar","0","Units","2015","2015",59477,,
"LUX","Luxembourg","USDEX","In 2015 constant prices at 2015 USD exchange rates","2004","2004","USD","US Dollar","0","Units","2015","2015",60292,,
"LUX","Luxembourg","USDEX","In 2015 constant prices at 2015 USD exchange rates","2005","2005","USD","US Dollar","0","Units","2015","2015",60689,,
"LUX","Luxembourg","USDEX","In 2015 constant prices at 2015 USD exchange rates","2006","2006","USD","US Dollar","0","Units","2015","2015",61532,,
"LUX","Luxembourg","USDEX","In 2015 constant prices at 2015 USD exchange rates","2007","2007","USD","US Dollar","0","Units","2015","2015",63175,,
"LUX","Luxembourg","USDEX","In 2015 constant prices at 2015 USD exchange rates","2008","2008","USD","US Dollar","0","Units","2015","2015",63383,,
"LUX","Luxembourg","USDEX","In 2015 constant prices at 2015 USD exchange rates","2009","2009","USD","US Dollar","0","Units","2015","2015",64384,,
"LUX","Luxembourg","USDEX","In 2015 constant prices at 2015 USD exchange rates","2010","2010","USD","US Dollar","0","Units","2015","2015",65120,,
"LUX","Luxembourg","USDEX","In 2015 constant prices at 2015 USD exchange rates","2011","2011","USD","US Dollar","0","Units","2015","2015",64487,,
"LUX","Luxembourg","USDEX","In 2015 constant prices at 2015 USD exchange rates","2012","2012","USD","US Dollar","0","Units","2015","2015",64073,,
"LUX","Luxembourg","USDEX","In 2015 constant prices at 2015 USD exchange rates","2013","2013","USD","US Dollar","0","Units","2015","2015",65456,,
"LUX","Luxembourg","USDEX","In 2015 constant prices at 2015 USD exchange rates","2014","2014","USD","US Dollar","0","Units","2015","2015",66775,,
"NLD","Netherlands","USDEX","In 2015 constant prices at 2015 USD exchange rates","2000","2000","USD","US Dollar","0","Units","2015","2015",45789,,
"NLD","Netherlands","USDEX","In 2015 constant prices at 2015 USD exchange rates","2001","2001","USD","US Dollar","0","Units","2015","2015",46404,,
"NLD","Netherlands","USDEX","In 2015 constant prices at 2015 USD exchange rates","2002","2002","USD","US Dollar","0","Units","2015","2015",46695,,
"NLD","Netherlands","USDEX","In 2015 constant prices at 2015 USD exchange rates","2003","2003","USD","US Dollar","0","Units","2015","2015",47206,,
"NLD","Netherlands","USDEX","In 2015 constant prices at 2015 USD exchange rates","2004","2004","USD","US Dollar","0","Units","2015","2015",47869,,
"NLD","Netherlands","USDEX","In 2015 constant prices at 2015 USD exchange rates","2005","2005","USD","US Dollar","0","Units","2015","2015",48040,,
"NLD","Netherlands","USDEX","In 2015 constant prices at 2015 USD exchange rates","2006","2006","USD","US Dollar","0","Units","2015","2015",48004,,
"NLD","Netherlands","USDEX","In 2015 constant prices at 2015 USD exchange rates","2007","2007","USD","US Dollar","0","Units","2015","2015",48543,,
"NLD","Netherlands","USDEX","In 2015 constant prices at 2015 USD exchange rates","2008","2008","USD","US Dollar","0","Units","2015","2015",48833,,
"NLD","Netherlands","USDEX","In 2015 constant prices at 2015 USD exchange rates","2009","2009","USD","US Dollar","0","Units","2015","2015",50732,,
"NLD","Netherlands","USDEX","In 2015 constant prices at 2015 USD exchange rates","2010","2010","USD","US Dollar","0","Units","2015","2015",51000,,
"NLD","Netherlands","USDEX","In 2015 constant prices at 2015 USD exchange rates","2011","2011","USD","US Dollar","0","Units","2015","2015",50686,,
"NLD","Netherlands","USDEX","In 2015 constant prices at 2015 USD exchange rates","2012","2012","USD","US Dollar","0","Units","2015","2015",50806,,
"NLD","Netherlands","USDEX","In 2015 constant prices at 2015 USD exchange rates","2013","2013","USD","US Dollar","0","Units","2015","2015",50891,,
"NLD","Netherlands","USDEX","In 2015 constant prices at 2015 USD exchange rates","2014","2014","USD","US Dollar","0","Units","2015","2015",50465,,
"NOR","Norway","USDEX","In 2015 constant prices at 2015 USD exchange rates","2000","2000","USD","US Dollar","0","Units","2015","2015",45582,,
"NOR","Norway","USDEX","In 2015 constant prices at 2015 USD exchange rates","2001","2001","USD","US Dollar","0","Units","2015","2015",46737,,
"NOR","Norway","USDEX","In 2015 constant prices at 2015 USD exchange rates","2002","2002","USD","US Dollar","0","Units","2015","2015",48577,,
"NOR","Norway","USDEX","In 2015 constant prices at 2015 USD exchange rates","2003","2003","USD","US Dollar","0","Units","2015","2015",49195,,
"NOR","Norway","USDEX","In 2015 constant prices at 2015 USD exchange rates","2004","2004","USD","US Dollar","0","Units","2015","2015",50793,,
"NOR","Norway","USDEX","In 2015 constant prices at 2015 USD exchange rates","2005","2005","USD","US Dollar","0","Units","2015","2015",52209,,
"NOR","Norway","USDEX","In 2015 constant prices at 2015 USD exchange rates","2006","2006","USD","US Dollar","0","Units","2015","2015",54252,,
"NOR","Norway","USDEX","In 2015 constant prices at 2015 USD exchange rates","2007","2007","USD","US Dollar","0","Units","2015","2015",56577,,
"NOR","Norway","USDEX","In 2015 constant prices at 2015 USD exchange rates","2008","2008","USD","US Dollar","0","Units","2015","2015",57899,,
"NOR","Norway","USDEX","In 2015 constant prices at 2015 USD exchange rates","2009","2009","USD","US Dollar","0","Units","2015","2015",58474,,
"NOR","Norway","USDEX","In 2015 constant prices at 2015 USD exchange rates","2010","2010","USD","US Dollar","0","Units","2015","2015",59249,,
"NOR","Norway","USDEX","In 2015 constant prices at 2015 USD exchange rates","2011","2011","USD","US Dollar","0","Units","2015","2015",61233,,
"NOR","Norway","USDEX","In 2015 constant prices at 2015 USD exchange rates","2012","2012","USD","US Dollar","0","Units","2015","2015",62896,,
"NOR","Norway","USDEX","In 2015 constant prices at 2015 USD exchange rates","2013","2013","USD","US Dollar","0","Units","2015","2015",64185,,
"NOR","Norway","USDEX","In 2015 constant prices at 2015 USD exchange rates","2014","2014","USD","US Dollar","0","Units","2015","2015",64662,,
"POL","Poland","USDEX","In 2015 constant prices at 2015 USD exchange rates","2000","2000","USD","US Dollar","0","Units","2015","2015",9865,,
"POL","Poland","USDEX","In 2015 constant prices at 2015 USD exchange rates","2001","2001","USD","US Dollar","0","Units","2015","2015",10424,,
"POL","Poland","USDEX","In 2015 constant prices at 2015 USD exchange rates","2002","2002","USD","US Dollar","0","Units","2015","2015",10387,,
"POL","Poland","USDEX","In 2015 constant prices at 2015 USD exchange rates","2003","2003","USD","US Dollar","0","Units","2015","2015",10515,,
"POL","Poland","USDEX","In 2015 constant prices at 2015 USD exchange rates","2004","2004","USD","US Dollar","0","Units","2015","2015",10328,,
"POL","Poland","USDEX","In 2015 constant prices at 2015 USD exchange rates","2005","2005","USD","US Dollar","0","Units","2015","2015",10271,,
"POL","Poland","USDEX","In 2015 constant prices at 2015 USD exchange rates","2006","2006","USD","US Dollar","0","Units","2015","2015",10346,,
"POL","Poland","USDEX","In 2015 constant prices at 2015 USD exchange rates","2007","2007","USD","US Dollar","0","Units","2015","2015",10585,,
"POL","Poland","USDEX","In 2015 constant prices at 2015 USD exchange rates","2008","2008","USD","US Dollar","0","Units","2015","2015",11221,,
"POL","Poland","USDEX","In 2015 constant prices at 2015 USD exchange rates","2009","2009","USD","US Dollar","0","Units","2015","2015",11196,,
"POL","Poland","USDEX","In 2015 constant prices at 2015 USD exchange rates","2010","2010","USD","US Dollar","0","Units","2015","2015",11578,,
"POL","Poland","USDEX","In 2015 constant prices at 2015 USD exchange rates","2011","2011","USD","US Dollar","0","Units","2015","2015",11578,,
"POL","Poland","USDEX","In 2015 constant prices at 2015 USD exchange rates","2012","2012","USD","US Dollar","0","Units","2015","2015",11470,,
"POL","Poland","USDEX","In 2015 constant prices at 2015 USD exchange rates","2013","2013","USD","US Dollar","0","Units","2015","2015",11606,,
"POL","Poland","USDEX","In 2015 constant prices at 2015 USD exchange rates","2014","2014","USD","US Dollar","0","Units","2015","2015",11827,,
"PRT","Portugal","USDEX","In 2015 constant prices at 2015 USD exchange rates","2000","2000","USD","US Dollar","0","Units","2015","2015",19246,,
"PRT","Portugal","USDEX","In 2015 constant prices at 2015 USD exchange rates","2001","2001","USD","US Dollar","0","Units","2015","2015",19331,,
"PRT","Portugal","USDEX","In 2015 constant prices at 2015 USD exchange rates","2002","2002","USD","US Dollar","0","Units","2015","2015",19321,,
"PRT","Portugal","USDEX","In 2015 constant prices at 2015 USD exchange rates","2003","2003","USD","US Dollar","0","Units","2015","2015",19271,,
"PRT","Portugal","USDEX","In 2015 constant prices at 2015 USD exchange rates","2004","2004","USD","US Dollar","0","Units","2015","2015",19304,,
"PRT","Portugal","USDEX","In 2015 constant prices at 2015 USD exchange rates","2005","2005","USD","US Dollar","0","Units","2015","2015",19193,,
"PRT","Portugal","USDEX","In 2015 constant prices at 2015 USD exchange rates","2006","2006","USD","US Dollar","0","Units","2015","2015",18778,,
"PRT","Portugal","USDEX","In 2015 constant prices at 2015 USD exchange rates","2007","2007","USD","US Dollar","0","Units","2015","2015",18910,,
"PRT","Portugal","USDEX","In 2015 constant prices at 2015 USD exchange rates","2008","2008","USD","US Dollar","0","Units","2015","2015",18849,,
"PRT","Portugal","USDEX","In 2015 constant prices at 2015 USD exchange rates","2009","2009","USD","US Dollar","0","Units","2015","2015",19719,,
"PRT","Portugal","USDEX","In 2015 constant prices at 2015 USD exchange rates","2010","2010","USD","US Dollar","0","Units","2015","2015",19644,,
"PRT","Portugal","USDEX","In 2015 constant prices at 2015 USD exchange rates","2011","2011","USD","US Dollar","0","Units","2015","2015",19177,,
"PRT","Portugal","USDEX","In 2015 constant prices at 2015 USD exchange rates","2012","2012","USD","US Dollar","0","Units","2015","2015",18348,,
"PRT","Portugal","USDEX","In 2015 constant prices at 2015 USD exchange rates","2013","2013","USD","US Dollar","0","Units","2015","2015",18725,,
"PRT","Portugal","USDEX","In 2015 constant prices at 2015 USD exchange rates","2014","2014","USD","US Dollar","0","Units","2015","2015",18344,,
"SVK","Slovak Republic","USDEX","In 2015 constant prices at 2015 USD exchange rates","2000","2000","USD","US Dollar","0","Units","2015","2015",9442,,
"SVK","Slovak Republic","USDEX","In 2015 constant prices at 2015 USD exchange rates","2001","2001","USD","US Dollar","0","Units","2015","2015",9436,,
"SVK","Slovak Republic","USDEX","In 2015 constant prices at 2015 USD exchange rates","2002","2002","USD","US Dollar","0","Units","2015","2015",9932,,
"SVK","Slovak Republic","USDEX","In 2015 constant prices at 2015 USD exchange rates","2003","2003","USD","US Dollar","0","Units","2015","2015",10148,,
"SVK","Slovak Republic","USDEX","In 2015 constant prices at 2015 USD exchange rates","2004","2004","USD","US Dollar","0","Units","2015","2015",10315,,
"SVK","Slovak Republic","USDEX","In 2015 constant prices at 2015 USD exchange rates","2005","2005","USD","US Dollar","0","Units","2015","2015",10985,,
"SVK","Slovak Republic","USDEX","In 2015 constant prices at 2015 USD exchange rates","2006","2006","USD","US Dollar","0","Units","2015","2015",11348,,
"SVK","Slovak Republic","USDEX","In 2015 constant prices at 2015 USD exchange rates","2007","2007","USD","US Dollar","0","Units","2015","2015",12046,,
"SVK","Slovak Republic","USDEX","In 2015 constant prices at 2015 USD exchange rates","2008","2008","USD","US Dollar","0","Units","2015","2015",12166,,
"SVK","Slovak Republic","USDEX","In 2015 constant prices at 2015 USD exchange rates","2009","2009","USD","US Dollar","0","Units","2015","2015",12576,,
"SVK","Slovak Republic","USDEX","In 2015 constant prices at 2015 USD exchange rates","2010","2010","USD","US Dollar","0","Units","2015","2015",13130,,
"SVK","Slovak Republic","USDEX","In 2015 constant prices at 2015 USD exchange rates","2011","2011","USD","US Dollar","0","Units","2015","2015",13013,,
"SVK","Slovak Republic","USDEX","In 2015 constant prices at 2015 USD exchange rates","2012","2012","USD","US Dollar","0","Units","2015","2015",12870,,
"SVK","Slovak Republic","USDEX","In 2015 constant prices at 2015 USD exchange rates","2013","2013","USD","US Dollar","0","Units","2015","2015",12967,,
"SVK","Slovak Republic","USDEX","In 2015 constant prices at 2015 USD exchange rates","2014","2014","USD","US Dollar","0","Units","2015","2015",13219,,
"ESP","Spain","USDEX","In 2015 constant prices at 2015 USD exchange rates","2000","2000","USD","US Dollar","0","Units","2015","2015",28755,,
"ESP","Spain","USDEX","In 2015 constant prices at 2015 USD exchange rates","2001","2001","USD","US Dollar","0","Units","2015","2015",28748,,
"ESP","Spain","USDEX","In 2015 constant prices at 2015 USD exchange rates","2002","2002","USD","US Dollar","0","Units","2015","2015",28960,,
"ESP","Spain","USDEX","In 2015 constant prices at 2015 USD exchange rates","2003","2003","USD","US Dollar","0","Units","2015","2015",28882,,
"ESP","Spain","USDEX","In 2015 constant prices at 2015 USD exchange rates","2004","2004","USD","US Dollar","0","Units","2015","2015",28585,,
"ESP","Spain","USDEX","In 2015 constant prices at 2015 USD exchange rates","2005","2005","USD","US Dollar","0","Units","2015","2015",28750,,
"ESP","Spain","USDEX","In 2015 constant prices at 2015 USD exchange rates","2006","2006","USD","US Dollar","0","Units","2015","2015",28641,,
"ESP","Spain","USDEX","In 2015 constant prices at 2015 USD exchange rates","2007","2007","USD","US Dollar","0","Units","2015","2015",29016,,
"ESP","Spain","USDEX","In 2015 constant prices at 2015 USD exchange rates","2008","2008","USD","US Dollar","0","Units","2015","2015",30184,,
"ESP","Spain","USDEX","In 2015 constant prices at 2015 USD exchange rates","2009","2009","USD","US Dollar","0","Units","2015","2015",32229,,
"ESP","Spain","USDEX","In 2015 constant prices at 2015 USD exchange rates","2010","2010","USD","US Dollar","0","Units","2015","2015",31676,,
"ESP","Spain","USDEX","In 2015 constant prices at 2015 USD exchange rates","2011","2011","USD","US Dollar","0","Units","2015","2015",31227,,
"ESP","Spain","USDEX","In 2015 constant prices at 2015 USD exchange rates","2012","2012","USD","US Dollar","0","Units","2015","2015",30255,,
"ESP","Spain","USDEX","In 2015 constant prices at 2015 USD exchange rates","2013","2013","USD","US Dollar","0","Units","2015","2015",30524,,
"ESP","Spain","USDEX","In 2015 constant prices at 2015 USD exchange rates","2014","2014","USD","US Dollar","0","Units","2015","2015",30232,,
"SWE","Sweden","USDEX","In 2015 constant prices at 2015 USD exchange rates","2000","2000","USD","US Dollar","0","Units","2015","2015",36595,,
"SWE","Sweden","USDEX","In 2015 constant prices at 2015 USD exchange rates","2001","2001","USD","US Dollar","0","Units","2015","2015",36801,,
"SWE","Sweden","USDEX","In 2015 constant prices at 2015 USD exchange rates","2002","2002","USD","US Dollar","0","Units","2015","2015",37105,,
"SWE","Sweden","USDEX","In 2015 constant prices at 2015 USD exchange rates","2003","2003","USD","US Dollar","0","Units","2015","2015",37567,,
"SWE","Sweden","USDEX","In 2015 constant prices at 2015 USD exchange rates","2004","2004","USD","US Dollar","0","Units","2015","2015",38705,,
"SWE","Sweden","USDEX","In 2015 constant prices at 2015 USD exchange rates","2005","2005","USD","US Dollar","0","Units","2015","2015",39461,,
"SWE","Sweden","USDEX","In 2015 constant prices at 2015 USD exchange rates","2006","2006","USD","US Dollar","0","Units","2015","2015",40415,,
"SWE","Sweden","USDEX","In 2015 constant prices at 2015 USD exchange rates","2007","2007","USD","US Dollar","0","Units","2015","2015",41721,,
"SWE","Sweden","USDEX","In 2015 constant prices at 2015 USD exchange rates","2008","2008","USD","US Dollar","0","Units","2015","2015",42296,,
"SWE","Sweden","USDEX","In 2015 constant prices at 2015 USD exchange rates","2009","2009","USD","US Dollar","0","Units","2015","2015",42575,,
"SWE","Sweden","USDEX","In 2015 constant prices at 2015 USD exchange rates","2010","2010","USD","US Dollar","0","Units","2015","2015",42826,,
"SWE","Sweden","USDEX","In 2015 constant prices at 2015 USD exchange rates","2011","2011","USD","US Dollar","0","Units","2015","2015",43365,,
"SWE","Sweden","USDEX","In 2015 constant prices at 2015 USD exchange rates","2012","2012","USD","US Dollar","0","Units","2015","2015",44329,,
"SWE","Sweden","USDEX","In 2015 constant prices at 2015 USD exchange rates","2013","2013","USD","US Dollar","0","Units","2015","2015",44791,,
"SWE","Sweden","USDEX","In 2015 constant prices at 2015 USD exchange rates","2014","2014","USD","US Dollar","0","Units","2015","2015",45366,,
"CHE","Switzerland","USDEX","In 2015 constant prices at 2015 USD exchange rates","2000","2000","USD","US Dollar","0","Units","2015","2015",76511,,
"CHE","Switzerland","USDEX","In 2015 constant prices at 2015 USD exchange rates","2001","2001","USD","US Dollar","0","Units","2015","2015",79330,,
"CHE","Switzerland","USDEX","In 2015 constant prices at 2015 USD exchange rates","2002","2002","USD","US Dollar","0","Units","2015","2015",80349,,
"CHE","Switzerland","USDEX","In 2015 constant prices at 2015 USD exchange rates","2003","2003","USD","US Dollar","0","Units","2015","2015",80490,,
"CHE","Switzerland","USDEX","In 2015 constant prices at 2015 USD exchange rates","2004","2004","USD","US Dollar","0","Units","2015","2015",79610,,
"CHE","Switzerland","USDEX","In 2015 constant prices at 2015 USD exchange rates","2005","2005","USD","US Dollar","0","Units","2015","2015",80754,,
"CHE","Switzerland","USDEX","In 2015 constant prices at 2015 USD exchange rates","2006","2006","USD","US Dollar","0","Units","2015","2015",81354,,
"CHE","Switzerland","USDEX","In 2015 constant prices at 2015 USD exchange rates","2007","2007","USD","US Dollar","0","Units","2015","2015",82495,,
"CHE","Switzerland","USDEX","In 2015 constant prices at 2015 USD exchange rates","2008","2008","USD","US Dollar","0","Units","2015","2015",82868,,
"CHE","Switzerland","USDEX","In 2015 constant prices at 2015 USD exchange rates","2009","2009","USD","US Dollar","0","Units","2015","2015",84511,,
"CHE","Switzerland","USDEX","In 2015 constant prices at 2015 USD exchange rates","2010","2010","USD","US Dollar","0","Units","2015","2015",84430,,
"CHE","Switzerland","USDEX","In 2015 constant prices at 2015 USD exchange rates","2011","2011","USD","US Dollar","0","Units","2015","2015",84848,,
"CHE","Switzerland","USDEX","In 2015 constant prices at 2015 USD exchange rates","2012","2012","USD","US Dollar","0","Units","2015","2015",86500,,
"CHE","Switzerland","USDEX","In 2015 constant prices at 2015 USD exchange rates","2013","2013","USD","US Dollar","0","Units","2015","2015",87724,,
"CHE","Switzerland","USDEX","In 2015 constant prices at 2015 USD exchange rates","2014","2014","USD","US Dollar","0","Units","2015","2015",88490,,
"GBR","United Kingdom","USDEX","In 2015 constant prices at 2015 USD exchange rates","2000","2000","USD","US Dollar","0","Units","2015","2015",47449,,
"GBR","United Kingdom","USDEX","In 2015 constant prices at 2015 USD exchange rates","2001","2001","USD","US Dollar","0","Units","2015","2015",49746,,
"GBR","United Kingdom","USDEX","In 2015 constant prices at 2015 USD exchange rates","2002","2002","USD","US Dollar","0","Units","2015","2015",50492,,
"GBR","United Kingdom","USDEX","In 2015 constant prices at 2015 USD exchange rates","2003","2003","USD","US Dollar","0","Units","2015","2015",51576,,
"GBR","United Kingdom","USDEX","In 2015 constant prices at 2015 USD exchange rates","2004","2004","USD","US Dollar","0","Units","2015","2015",52496,,
"GBR","United Kingdom","USDEX","In 2015 constant prices at 2015 USD exchange rates","2005","2005","USD","US Dollar","0","Units","2015","2015",52261,,
"GBR","United Kingdom","USDEX","In 2015 constant prices at 2015 USD exchange rates","2006","2006","USD","US Dollar","0","Units","2015","2015",53533,,
"GBR","United Kingdom","USDEX","In 2015 constant prices at 2015 USD exchange rates","2007","2007","USD","US Dollar","0","Units","2015","2015",54797,,
"GBR","United Kingdom","USDEX","In 2015 constant prices at 2015 USD exchange rates","2008","2008","USD","US Dollar","0","Units","2015","2015",53221,,
"GBR","United Kingdom","USDEX","In 2015 constant prices at 2015 USD exchange rates","2009","2009","USD","US Dollar","0","Units","2015","2015",53633,,
"GBR","United Kingdom","USDEX","In 2015 constant prices at 2015 USD exchange rates","2010","2010","USD","US Dollar","0","Units","2015","2015",52253,,
"GBR","United Kingdom","USDEX","In 2015 constant prices at 2015 USD exchange rates","2011","2011","USD","US Dollar","0","Units","2015","2015",50933,,
"GBR","United Kingdom","USDEX","In 2015 constant prices at 2015 USD exchange rates","2012","2012","USD","US Dollar","0","Units","2015","2015",50731,,
"GBR","United Kingdom","USDEX","In 2015 constant prices at 2015 USD exchange rates","2013","2013","USD","US Dollar","0","Units","2015","2015",50067,,
"GBR","United Kingdom","USDEX","In 2015 constant prices at 2015 USD exchange rates","2014","2014","USD","US Dollar","0","Units","2015","2015",49677,,
"USA","United States","USDEX","In 2015 constant prices at 2015 USD exchange rates","2000","2000","USD","US Dollar","0","Units","2015","2015",51295,,
"USA","United States","USDEX","In 2015 constant prices at 2015 USD exchange rates","2001","2001","USD","US Dollar","0","Units","2015","2015",51726,,
"USA","United States","USDEX","In 2015 constant prices at 2015 USD exchange rates","2002","2002","USD","US Dollar","0","Units","2015","2015",52122,,
"USA","United States","USDEX","In 2015 constant prices at 2015 USD exchange rates","2003","2003","USD","US Dollar","0","Units","2015","2015",52731,,
"USA","United States","USDEX","In 2015 constant prices at 2015 USD exchange rates","2004","2004","USD","US Dollar","0","Units","2015","2015",53755,,
"USA","United States","USDEX","In 2015 constant prices at 2015 USD exchange rates","2005","2005","USD","US Dollar","0","Units","2015","2015",53811,,
"USA","United States","USDEX","In 2015 constant prices at 2015 USD exchange rates","2006","2006","USD","US Dollar","0","Units","2015","2015",54690,,
"USA","United States","USDEX","In 2015 constant prices at 2015 USD exchange rates","2007","2007","USD","US Dollar","0","Units","2015","2015",55780,,
"USA","United States","USDEX","In 2015 constant prices at 2015 USD exchange rates","2008","2008","USD","US Dollar","0","Units","2015","2015",55560,,
"USA","United States","USDEX","In 2015 constant prices at 2015 USD exchange rates","2009","2009","USD","US Dollar","0","Units","2015","2015",56042,,
"USA","United States","USDEX","In 2015 constant prices at 2015 USD exchange rates","2010","2010","USD","US Dollar","0","Units","2015","2015",56398,,
"USA","United States","USDEX","In 2015 constant prices at 2015 USD exchange rates","2011","2011","USD","US Dollar","0","Units","2015","2015",56540,,
"USA","United States","USDEX","In 2015 constant prices at 2015 USD exchange rates","2012","2012","USD","US Dollar","0","Units","2015","2015",56995,,
"USA","United States","USDEX","In 2015 constant prices at 2015 USD exchange rates","2013","2013","USD","US Dollar","0","Units","2015","2015",56701,,
"USA","United States","USDEX","In 2015 constant prices at 2015 USD exchange rates","2014","2014","USD","US Dollar","0","Units","2015","2015",57594,,
"ISR","Israel","USDEX","In 2015 constant prices at 2015 USD exchange rates","2005","2005","USD","US Dollar","0","Units","2015","2015",31410,,
"ISR","Israel","USDEX","In 2015 constant prices at 2015 USD exchange rates","2006","2006","USD","US Dollar","0","Units","2015","2015",32806,,
"ISR","Israel","USDEX","In 2015 constant prices at 2015 USD exchange rates","2007","2007","USD","US Dollar","0","Units","2015","2015",33439,,
"ISR","Israel","USDEX","In 2015 constant prices at 2015 USD exchange rates","2008","2008","USD","US Dollar","0","Units","2015","2015",32571,,
"ISR","Israel","USDEX","In 2015 constant prices at 2015 USD exchange rates","2009","2009","USD","US Dollar","0","Units","2015","2015",31787,,
"ISR","Israel","USDEX","In 2015 constant prices at 2015 USD exchange rates","2010","2010","USD","US Dollar","0","Units","2015","2015",31631,,
"ISR","Israel","USDEX","In 2015 constant prices at 2015 USD exchange rates","2011","2011","USD","US Dollar","0","Units","2015","2015",31906,,
"ISR","Israel","USDEX","In 2015 constant prices at 2015 USD exchange rates","2012","2012","USD","US Dollar","0","Units","2015","2015",32404,,
"ISR","Israel","USDEX","In 2015 constant prices at 2015 USD exchange rates","2013","2013","USD","US Dollar","0","Units","2015","2015",32724,,
"ISR","Israel","USDEX","In 2015 constant prices at 2015 USD exchange rates","2014","2014","USD","US Dollar","0","Units","2015","2015",32840,,
"SVN","Slovenia","USDEX","In 2015 constant prices at 2015 USD exchange rates","2000","2000","USD","US Dollar","0","Units","2015","2015",19101,,
"SVN","Slovenia","USDEX","In 2015 constant prices at 2015 USD exchange rates","2001","2001","USD","US Dollar","0","Units","2015","2015",19884,,
"SVN","Slovenia","USDEX","In 2015 constant prices at 2015 USD exchange rates","2002","2002","USD","US Dollar","0","Units","2015","2015",19878,,
"SVN","Slovenia","USDEX","In 2015 constant prices at 2015 USD exchange rates","2003","2003","USD","US Dollar","0","Units","2015","2015",20297,,
"SVN","Slovenia","USDEX","In 2015 constant prices at 2015 USD exchange rates","2004","2004","USD","US Dollar","0","Units","2015","2015",21279,,
"SVN","Slovenia","USDEX","In 2015 constant prices at 2015 USD exchange rates","2005","2005","USD","US Dollar","0","Units","2015","2015",22111,,
"SVN","Slovenia","USDEX","In 2015 constant prices at 2015 USD exchange rates","2006","2006","USD","US Dollar","0","Units","2015","2015",22825,,
"SVN","Slovenia","USDEX","In 2015 constant prices at 2015 USD exchange rates","2007","2007","USD","US Dollar","0","Units","2015","2015",23318,,
"SVN","Slovenia","USDEX","In 2015 constant prices at 2015 USD exchange rates","2008","2008","USD","US Dollar","0","Units","2015","2015",23669,,
"SVN","Slovenia","USDEX","In 2015 constant prices at 2015 USD exchange rates","2009","2009","USD","US Dollar","0","Units","2015","2015",23884,,
"SVN","Slovenia","USDEX","In 2015 constant prices at 2015 USD exchange rates","2010","2010","USD","US Dollar","0","Units","2015","2015",24601,,
"SVN","Slovenia","USDEX","In 2015 constant prices at 2015 USD exchange rates","2011","2011","USD","US Dollar","0","Units","2015","2015",24536,,
"SVN","Slovenia","USDEX","In 2015 constant prices at 2015 USD exchange rates","2012","2012","USD","US Dollar","0","Units","2015","2015",23846,,
"SVN","Slovenia","USDEX","In 2015 constant prices at 2015 USD exchange rates","2013","2013","USD","US Dollar","0","Units","2015","2015",23807,,
"SVN","Slovenia","USDEX","In 2015 constant prices at 2015 USD exchange rates","2014","2014","USD","US Dollar","0","Units","2015","2015",24134,,
"EST","Estonia","USDEX","In 2015 constant prices at 2015 USD exchange rates","2000","2000","USD","US Dollar","0","Units","2015","2015",8294,,
"EST","Estonia","USDEX","In 2015 constant prices at 2015 USD exchange rates","2001","2001","USD","US Dollar","0","Units","2015","2015",8578,,
"EST","Estonia","USDEX","In 2015 constant prices at 2015 USD exchange rates","2002","2002","USD","US Dollar","0","Units","2015","2015",8977,,
"EST","Estonia","USDEX","In 2015 constant prices at 2015 USD exchange rates","2003","2003","USD","US Dollar","0","Units","2015","2015",9827,,
"EST","Estonia","USDEX","In 2015 constant prices at 2015 USD exchange rates","2004","2004","USD","US Dollar","0","Units","2015","2015",10555,,
"EST","Estonia","USDEX","In 2015 constant prices at 2015 USD exchange rates","2005","2005","USD","US Dollar","0","Units","2015","2015",11236,,
"EST","Estonia","USDEX","In 2015 constant prices at 2015 USD exchange rates","2006","2006","USD","US Dollar","0","Units","2015","2015",12055,,
"EST","Estonia","USDEX","In 2015 constant prices at 2015 USD exchange rates","2007","2007","USD","US Dollar","0","Units","2015","2015",13938,,
"EST","Estonia","USDEX","In 2015 constant prices at 2015 USD exchange rates","2008","2008","USD","US Dollar","0","Units","2015","2015",14043,,
"EST","Estonia","USDEX","In 2015 constant prices at 2015 USD exchange rates","2009","2009","USD","US Dollar","0","Units","2015","2015",13473,,
"EST","Estonia","USDEX","In 2015 constant prices at 2015 USD exchange rates","2010","2010","USD","US Dollar","0","Units","2015","2015",13454,,
"EST","Estonia","USDEX","In 2015 constant prices at 2015 USD exchange rates","2011","2011","USD","US Dollar","0","Units","2015","2015",12851,,
"EST","Estonia","USDEX","In 2015 constant prices at 2015 USD exchange rates","2012","2012","USD","US Dollar","0","Units","2015","2015",13204,,
"EST","Estonia","USDEX","In 2015 constant prices at 2015 USD exchange rates","2013","2013","USD","US Dollar","0","Units","2015","2015",13447,,
"EST","Estonia","USDEX","In 2015 constant prices at 2015 USD exchange rates","2014","2014","USD","US Dollar","0","Units","2015","2015",14292,,
"MEX","Mexico","USDEX","In 2015 constant prices at 2015 USD exchange rates","2000","2000","USD","US Dollar","0","Units","2015","2015",8264,,
"MEX","Mexico","USDEX","In 2015 constant prices at 2015 USD exchange rates","2001","2001","USD","US Dollar","0","Units","2015","2015",8706,,
"MEX","Mexico","USDEX","In 2015 constant prices at 2015 USD exchange rates","2002","2002","USD","US Dollar","0","Units","2015","2015",8804,,
"MEX","Mexico","USDEX","In 2015 constant prices at 2015 USD exchange rates","2003","2003","USD","US Dollar","0","Units","2015","2015",9461,,
"MEX","Mexico","USDEX","In 2015 constant prices at 2015 USD exchange rates","2004","2004","USD","US Dollar","0","Units","2015","2015",9392,,
"MEX","Mexico","USDEX","In 2015 constant prices at 2015 USD exchange rates","2005","2005","USD","US Dollar","0","Units","2015","2015",9494,,
"MEX","Mexico","USDEX","In 2015 constant prices at 2015 USD exchange rates","2006","2006","USD","US Dollar","0","Units","2015","2015",9576,,
"MEX","Mexico","USDEX","In 2015 constant prices at 2015 USD exchange rates","2007","2007","USD","US Dollar","0","Units","2015","2015",9660,,
"MEX","Mexico","USDEX","In 2015 constant prices at 2015 USD exchange rates","2008","2008","USD","US Dollar","0","Units","2015","2015",9587,,
"MEX","Mexico","USDEX","In 2015 constant prices at 2015 USD exchange rates","2009","2009","USD","US Dollar","0","Units","2015","2015",9393,,
"MEX","Mexico","USDEX","In 2015 constant prices at 2015 USD exchange rates","2010","2010","USD","US Dollar","0","Units","2015","2015",8981,,
"MEX","Mexico","USDEX","In 2015 constant prices at 2015 USD exchange rates","2011","2011","USD","US Dollar","0","Units","2015","2015",9148,,
"MEX","Mexico","USDEX","In 2015 constant prices at 2015 USD exchange rates","2012","2012","USD","US Dollar","0","Units","2015","2015",9118,,
"MEX","Mexico","USDEX","In 2015 constant prices at 2015 USD exchange rates","2013","2013","USD","US Dollar","0","Units","2015","2015",9184,,
"MEX","Mexico","USDEX","In 2015 constant prices at 2015 USD exchange rates","2014","2014","USD","US Dollar","0","Units","2015","2015",9050,,
"OECD","OECD countries","USDEX","In 2015 constant prices at 2015 USD exchange rates","2000","2000","USD","US Dollar","0","Units","2015","2015",37149,,
"OECD","OECD countries","USDEX","In 2015 constant prices at 2015 USD exchange rates","2001","2001","USD","US Dollar","0","Units","2015","2015",37590,,
"OECD","OECD countries","USDEX","In 2015 constant prices at 2015 USD exchange rates","2002","2002","USD","US Dollar","0","Units","2015","2015",37716,,
"OECD","OECD countries","USDEX","In 2015 constant prices at 2015 USD exchange rates","2003","2003","USD","US Dollar","0","Units","2015","2015",38069,,
"OECD","OECD countries","USDEX","In 2015 constant prices at 2015 USD exchange rates","2004","2004","USD","US Dollar","0","Units","2015","2015",38576,,
"OECD","OECD countries","USDEX","In 2015 constant prices at 2015 USD exchange rates","2005","2005","USD","US Dollar","0","Units","2015","2015",38768,,
"OECD","OECD countries","USDEX","In 2015 constant prices at 2015 USD exchange rates","2006","2006","USD","US Dollar","0","Units","2015","2015",39090,,
"OECD","OECD countries","USDEX","In 2015 constant prices at 2015 USD exchange rates","2007","2007","USD","US Dollar","0","Units","2015","2015",39543,,
"OECD","OECD countries","USDEX","In 2015 constant prices at 2015 USD exchange rates","2008","2008","USD","US Dollar","0","Units","2015","2015",39408,,
"OECD","OECD countries","USDEX","In 2015 constant prices at 2015 USD exchange rates","2009","2009","USD","US Dollar","0","Units","2015","2015",39616,,
"OECD","OECD countries","USDEX","In 2015 constant prices at 2015 USD exchange rates","2010","2010","USD","US Dollar","0","Units","2015","2015",39534,,
"OECD","OECD countries","USDEX","In 2015 constant prices at 2015 USD exchange rates","2011","2011","USD","US Dollar","0","Units","2015","2015",39647,,
"OECD","OECD countries","USDEX","In 2015 constant prices at 2015 USD exchange rates","2012","2012","USD","US Dollar","0","Units","2015","2015",39700,,
"OECD","OECD countries","USDEX","In 2015 constant prices at 2015 USD exchange rates","2013","2013","USD","US Dollar","0","Units","2015","2015",39727,,
"OECD","OECD countries","USDEX","In 2015 constant prices at 2015 USD exchange rates","2014","2014","USD","US Dollar","0","Units","2015","2015",39978,,
"ISL","Iceland","USDEX","In 2015 constant prices at 2015 USD exchange rates","2000","2000","USD","US Dollar","0","Units","2015","2015",53840,,
"ISL","Iceland","USDEX","In 2015 constant prices at 2015 USD exchange rates","2001","2001","USD","US Dollar","0","Units","2015","2015",53411,,
"ISL","Iceland","USDEX","In 2015 constant prices at 2015 USD exchange rates","2002","2002","USD","US Dollar","0","Units","2015","2015",55168,,
"ISL","Iceland","USDEX","In 2015 constant prices at 2015 USD exchange rates","2003","2003","USD","US Dollar","0","Units","2015","2015",53763,,
"ISL","Iceland","USDEX","In 2015 constant prices at 2015 USD exchange rates","2004","2004","USD","US Dollar","0","Units","2015","2015",57233,,
"ISL","Iceland","USDEX","In 2015 constant prices at 2015 USD exchange rates","2005","2005","USD","US Dollar","0","Units","2015","2015",60717,,
"ISL","Iceland","USDEX","In 2015 constant prices at 2015 USD exchange rates","2006","2006","USD","US Dollar","0","Units","2015","2015",63064,,
"ISL","Iceland","USDEX","In 2015 constant prices at 2015 USD exchange rates","2007","2007","USD","US Dollar","0","Units","2015","2015",65118,,
"ISL","Iceland","USDEX","In 2015 constant prices at 2015 USD exchange rates","2008","2008","USD","US Dollar","0","Units","2015","2015",57656,,
"ISL","Iceland","USDEX","In 2015 constant prices at 2015 USD exchange rates","2009","2009","USD","US Dollar","0","Units","2015","2015",51373,,
"ISL","Iceland","USDEX","In 2015 constant prices at 2015 USD exchange rates","2010","2010","USD","US Dollar","0","Units","2015","2015",53740,,
"ISL","Iceland","USDEX","In 2015 constant prices at 2015 USD exchange rates","2011","2011","USD","US Dollar","0","Units","2015","2015",56228,,
"ISL","Iceland","USDEX","In 2015 constant prices at 2015 USD exchange rates","2012","2012","USD","US Dollar","0","Units","2015","2015",56349,,
"ISL","Iceland","USDEX","In 2015 constant prices at 2015 USD exchange rates","2013","2013","USD","US Dollar","0","Units","2015","2015",57863,,
"ISL","Iceland","USDEX","In 2015 constant prices at 2015 USD exchange rates","2014","2014","USD","US Dollar","0","Units","2015","2015",58127,,
"NZL","New Zealand","USDEX","In 2015 constant prices at 2015 USD exchange rates","2000","2000","USD","US Dollar","0","Units","2015","2015",34494,,
"NZL","New Zealand","USDEX","In 2015 constant prices at 2015 USD exchange rates","2001","2001","USD","US Dollar","0","Units","2015","2015",35123,,
"NZL","New Zealand","USDEX","In 2015 constant prices at 2015 USD exchange rates","2002","2002","USD","US Dollar","0","Units","2015","2015",35782,,
"NZL","New Zealand","USDEX","In 2015 constant prices at 2015 USD exchange rates","2003","2003","USD","US Dollar","0","Units","2015","2015",37084,,
"NZL","New Zealand","USDEX","In 2015 constant prices at 2015 USD exchange rates","2004","2004","USD","US Dollar","0","Units","2015","2015",38394,,
"NZL","New Zealand","USDEX","In 2015 constant prices at 2015 USD exchange rates","2005","2005","USD","US Dollar","0","Units","2015","2015",39041,,
"NZL","New Zealand","USDEX","In 2015 constant prices at 2015 USD exchange rates","2006","2006","USD","US Dollar","0","Units","2015","2015",39292,,
"NZL","New Zealand","USDEX","In 2015 constant prices at 2015 USD exchange rates","2007","2007","USD","US Dollar","0","Units","2015","2015",41614,,
"NZL","New Zealand","USDEX","In 2015 constant prices at 2015 USD exchange rates","2008","2008","USD","US Dollar","0","Units","2015","2015",41173,,
"NZL","New Zealand","USDEX","In 2015 constant prices at 2015 USD exchange rates","2009","2009","USD","US Dollar","0","Units","2015","2015",41675,,
"NZL","New Zealand","USDEX","In 2015 constant prices at 2015 USD exchange rates","2010","2010","USD","US Dollar","0","Units","2015","2015",42251,,
"NZL","New Zealand","USDEX","In 2015 constant prices at 2015 USD exchange rates","2011","2011","USD","US Dollar","0","Units","2015","2015",42281,,
"NZL","New Zealand","USDEX","In 2015 constant prices at 2015 USD exchange rates","2012","2012","USD","US Dollar","0","Units","2015","2015",43125,,
"CHL","Chile","USDEX","In 2015 constant prices at 2015 USD exchange rates","2010","2010","USD","US Dollar","0","Units","2015","2015",14032,,
"CHL","Chile","USDEX","In 2015 constant prices at 2015 USD exchange rates","2011","2011","USD","US Dollar","0","Units","2015","2015",14229,,
"CHL","Chile","USDEX","In 2015 constant prices at 2015 USD exchange rates","2012","2012","USD","US Dollar","0","Units","2015","2015",14920,,
"CHL","Chile","USDEX","In 2015 constant prices at 2015 USD exchange rates","2013","2013","USD","US Dollar","0","Units","2015","2015",15371,,
"CHL","Chile","USDEX","In 2015 constant prices at 2015 USD exchange rates","2014","2014","USD","US Dollar","0","Units","2015","2015",15523,,
"LVA","Latvia","USDEX","In 2015 constant prices at 2015 USD exchange rates","2000","2000","USD","US Dollar","0","Units","2015","2015",6551,,
"LVA","Latvia","USDEX","In 2015 constant prices at 2015 USD exchange rates","2001","2001","USD","US Dollar","0","Units","2015","2015",6775,,
"LVA","Latvia","USDEX","In 2015 constant prices at 2015 USD exchange rates","2002","2002","USD","US Dollar","0","Units","2015","2015",6559,,
"LVA","Latvia","USDEX","In 2015 constant prices at 2015 USD exchange rates","2003","2003","USD","US Dollar","0","Units","2015","2015",7049,,
"LVA","Latvia","USDEX","In 2015 constant prices at 2015 USD exchange rates","2004","2004","USD","US Dollar","0","Units","2015","2015",7640,,
"LVA","Latvia","USDEX","In 2015 constant prices at 2015 USD exchange rates","2005","2005","USD","US Dollar","0","Units","2015","2015",8883,,
"LVA","Latvia","USDEX","In 2015 constant prices at 2015 USD exchange rates","2006","2006","USD","US Dollar","0","Units","2015","2015",9807,,
"LVA","Latvia","USDEX","In 2015 constant prices at 2015 USD exchange rates","2007","2007","USD","US Dollar","0","Units","2015","2015",12099,,
"LVA","Latvia","USDEX","In 2015 constant prices at 2015 USD exchange rates","2008","2008","USD","US Dollar","0","Units","2015","2015",12494,,
"LVA","Latvia","USDEX","In 2015 constant prices at 2015 USD exchange rates","2009","2009","USD","US Dollar","0","Units","2015","2015",11267,,
"LVA","Latvia","USDEX","In 2015 constant prices at 2015 USD exchange rates","2010","2010","USD","US Dollar","0","Units","2015","2015",10825,,
"LVA","Latvia","USDEX","In 2015 constant prices at 2015 USD exchange rates","2011","2011","USD","US Dollar","0","Units","2015","2015",10441,,
"LVA","Latvia","USDEX","In 2015 constant prices at 2015 USD exchange rates","2012","2012","USD","US Dollar","0","Units","2015","2015",10864,,
"LVA","Latvia","USDEX","In 2015 constant prices at 2015 USD exchange rates","2013","2013","USD","US Dollar","0","Units","2015","2015",11391,,
"LVA","Latvia","USDEX","In 2015 constant prices at 2015 USD exchange rates","2014","2014","USD","US Dollar","0","Units","2015","2015",12278,,
